{
    "df_full_matched_eff_2_efftk_lev.csv": [
        1.881856686658204,
        0.6066066066066066,
        0.6176470588235294
    ],
    "df_full_matched_eff_2_efftk_fuzzychinese_stroke.csv": [
        0.8735391406988819,
        0.5765765765765766,
        0.6676470588235294
    ],
    "selfsup_img_effocr_partner_tk_match.csv": [
        0.7744581799974295,
        0.6456456456456456,
        0.7029411764705882
    ],
    "df_full_matched_gcv_2_gcvtk_fuzzychinese_stroke.csv": [
        0.8781357568826138,
        0.5375375375375375,
        0.6264705882352941
    ],
    "top1_bm_df_all_data_formatted_only_synth.csv": [
        6.552560754273604,
        0.3063063063063063,
        0.29411764705882354
    ],
    "df_full_matched_gcv_2_gcvtk_simstring_jac.csv": [
        0.4779932523864012,
        0.6126126126126126,
        0.7205882352941176
    ],
    "mean_norm_1_gcv_partner_tk_match.csv": [
        0.8974327872671406,
        0.6936936936936937,
        0.7470588235294118
    ],
    "selfsup_text_gcv_partner_tk_match.csv": [
        0.9273852891596137,
        0.6276276276276276,
        0.7029411764705882
    ],
    "mean_norm_1_effocr_partner_tk_match.csv": [
        0.844431593879742,
        0.7747747747747747,
        0.8470588235294118
    ],
    "sup_text_effocr_partner_tk_match.csv": [
        0.7994334405725052,
        0.7867867867867868,
        0.8205882352941176
    ],
    "selfsup_mean_gcv_partner_tk_match.csv": [
        0.8431233993206035,
        0.7057057057057057,
        0.7911764705882353
    ],
    "sup_img_effocr_partner_tk_match.csv": [
        0.8529296131308826,
        0.7057057057057057,
        0.7911764705882353
    ],
    "top1_bm_df_all_data_formatted_vit.csv": [
        0.8484770484605137,
        0.7717717717717718,
        0.8117647058823529
    ],
    "df_full_matched_gcv_2_gcvtk_lev.csv": [
        0.34627511913667597,
        0.5555555555555556,
        0.6264705882352941
    ],
    "sup_text_gcv_partner_tk_match.csv": [
        0.8788983061220339,
        0.6816816816816816,
        0.7411764705882353
    ],
    "df_full_matched_eff_2_efftk_simstring_jac.csv": [
        0.38494963332170506,
        0.5915915915915916,
        0.6676470588235294
    ],
    "selfsup_text_effocr_partner_tk_match.csv": [
        0.8476201952220821,
        0.6546546546546547,
        0.75
    ],
    "selfsup_mean_effocr_partner_tk_match.csv": [
        0.83674630658511,
        0.6996996996996997,
        0.7794117647058824
    ]
}