{
    "df_full_matched_eff_2_efftk_lev.csv": 0.7310924369747899,
    "df_full_matched_eff_2_efftk_fuzzychinese_stroke.csv": 0.7310924369747899,
    "selfsup_img_effocr_partner_tk_match.csv": 0.7689075630252101,
    "df_full_matched_gcv_2_gcvtk_fuzzychinese_stroke.csv": 0.6890756302521008,
    "top1_bm_df_all_data_formatted_only_synth.csv": 0.19327731092436976,
    "df_full_matched_gcv_2_gcvtk_simstring_jac.csv": 0.7773109243697479,
    "mean_norm_1_gcv_partner_tk_match.csv": 0.9369747899159664,
    "selfsup_text_gcv_partner_tk_match.csv": 0.7394957983193278,
    "mean_norm_1_effocr_partner_tk_match.csv": 0.9453781512605042,
    "sup_text_effocr_partner_tk_match.csv": 0.8823529411764706,
    "selfsup_mean_gcv_partner_tk_match.csv": 0.8445378151260504,
    "sup_img_effocr_partner_tk_match.csv": 0.9243697478991597,
    "top1_bm_df_all_data_formatted_vit.csv": 0.8781512605042017,
    "df_full_matched_gcv_2_gcvtk_lev.csv": 0.6302521008403361,
    "sup_text_gcv_partner_tk_match.csv": 0.7899159663865546,
    "df_full_matched_eff_2_efftk_simstring_jac.csv": 0.7521008403361344,
    "selfsup_text_effocr_partner_tk_match.csv": 0.7899159663865546,
    "selfsup_mean_effocr_partner_tk_match.csv": 0.8487394957983193
}